,City,Country Code,Lat,Lng,Max Temp(F),Humidity(%),Cloudiness (%),Wind Speed (mph)
0,ALBANY,AU,-84.35,103.61,68.36,67,64,11.43
2,YELLOWKNIFE,CA,86.24,-114.29,-0.41,77,90,4.7
3,BREDASDORP,ZA,-57.12,17.7,69.8,88,92,3.36
4,SAN PATRICIO,MX,6.3,-110.54,78.8,83,75,6.93
5,BUSSELTON,AU,-63.07,100.91,75.11,79,44,15.12
6,BATEMANS BAY,AU,-38.44,151.3,73.49,83,32,7.63
7,KARIBIB,NA,-22.04,15.96,60.44,72,20,2.48
8,DUNEDIN,NZ,-54.47,177.08,62.19,81,80,6.4
9,PUERTO AYORA,EC,-9.88,-92.97,70.92,99,36,9.19
10,PLOUFRAGAN,FR,48.5,-2.92,48.2,93,0,4.7
11,RIKITEA,PF,-60.94,-132.07,76.59,100,100,8.86
14,QANDALA,SO,13.7,49.21,65.75,100,64,5.39
16,MAR DEL PLATA,AR,-58.8,-35.22,64.4,93,75,3.36
17,LUANDA,AO,-8.47,10.37,75.96,98,64,6.4
19,ATUONA,PF,-5.64,-120.75,78.89,100,80,9.42
20,VAINI,TO,-73.22,-176.12,80.6,54,75,11.32
21,ATUONA,PF,-5.77,-125.67,78.89,100,80,9.42
23,THOMPSON,CA,68.54,-94.26,-2.21,84,90,2.24
24,PORT HEDLAND,AU,-25.81,121.93,93.2,38,0,10.29
25,DIBULLA,CO,11.53,-73.61,79.83,91,68,19.37
26,RIKITEA,PF,-32.78,-129.8,76.59,100,100,8.86
27,TUATAPERE,NZ,-52.91,163.25,64.49,77,12,11.65
28,BUTARITARI,KI,7.32,179.18,82.49,100,92,16.8
29,SPOKANE,US,48.29,-117.88,33.8,69,90,5.82
32,CASTRO,CL,-44.17,-94.15,50.81,95,80,8.52
33,IQALUIT,CA,57.92,-67.49,-2.21,70,90,17.22
34,ATUONA,PF,-2.82,-136.79,78.89,100,80,9.42
35,CAPE TOWN,ZA,-52.45,-1.98,57.2,93,0,11.41
36,VILA VELHA,BR,-27.82,-23.46,77,88,75,5.82
37,RIKITEA,PF,-65.42,-117.11,76.59,100,100,8.86
38,AGADEZ,NE,18.27,9.56,55.04,22,68,12.77
40,AVARUA,CK,-35.55,-158.26,82.4,83,75,17.22
41,NEW NORFOLK,AU,-81.51,129.66,71.6,37,75,12.75
42,DANDONG,CN,39.5,125.45,42.62,67,0,5.73
44,RIKITEA,PF,-70.2,-121.12,76.59,100,100,8.86
45,BUSSELTON,AU,-32.3,109.43,75.11,79,44,15.12
46,AVARUA,CK,-58.11,-162.43,82.4,83,75,17.22
47,USHUAIA,AR,-84.47,-88.0,46.4,61,75,11.41
49,VOSTOK,RU,49.36,148.34,21.74,69,68,4.38
50,ILULISSAT,GL,71.6,-50.2,8.6,46,0,3.36
51,BREDASDORP,ZA,-77.16,14.3,69.8,88,92,3.36
52,ATUONA,PF,2.12,-135.79,78.89,100,80,9.42
53,BUTARITARI,KI,19.39,175.42,82.49,100,92,16.8
54,SEVERO-KURILSK,RU,29.73,166.06,25.34,100,44,15.23
55,USHUAIA,AR,-86.08,-43.1,46.4,61,75,11.41
56,QAANAAQ,GL,90.28,-78.62,-5.76,83,20,16.8
57,CONDE,BR,-14.7,-33.59,77,83,20,5.82
58,OSTROVNOY,RU,78.08,43.29,24.89,89,88,14.79
60,BERINGOVSKIY,RU,62.75,178.12,7.74,100,88,28.88
61,PUNTA ARENAS,CL,-76.46,-88.86,42.8,70,75,18.34
62,HALIFAX,CA,40.13,-60.69,19.4,73,5,16.11
65,BURNS LAKE,CA,55.61,-125.24,12.65,77,8,3.71
67,QAANAAQ,GL,90.85,-66.86,-5.76,83,20,16.8
70,LUDERITZ,NA,-27.29,13.8,62.6,77,36,5.82
71,HALF MOON BAY,US,29.91,-137.59,51.8,70,1,5.82
72,HUALMAY,PE,-19.21,-92.25,63.41,96,8,4.38
73,BUTARITARI,KI,6.95,167.22,82.49,100,92,16.8
74,HERMANUS,ZA,-57.07,5.13,56.12,96,0,2.37
75,FARE,PF,-10.1,-148.21,82.67,100,80,7.52
76,MAR DEL PLATA,AR,-60.04,-37.72,64.4,93,75,3.36
77,HOBART,AU,-67.97,151.13,71.6,37,75,12.75
78,VICTORIA,SC,-1.93,60.4,80.6,83,75,12.75
79,RATHOLO,BW,-22.68,27.64,69.71,81,0,9.53
80,CHAPAIS,CA,54.21,-74.75,-18.41,75,1,2.82
82,SALALAH,OM,17.99,52.83,73.4,35,0,12.75
83,TAHE,CN,52.22,123.57,0.09,71,0,1.92
84,YAR-SALE,RU,72.78,73.76,7.52,84,12,6.73
86,HERMANUS,ZA,-60.74,10.06,56.12,96,0,2.37
87,ATUONA,PF,10.32,-132.22,78.89,100,80,9.42
88,BREDASDORP,ZA,-58.03,20.73,69.8,88,92,3.36
89,PRAIA,CV,12.47,-22.05,71.6,73,75,14.99
90,PANABA,MX,21.96,-88.31,75.02,76,0,6.96
91,BAMBOUS VIRIEUX,MU,-28.87,76.65,71.6,88,20,5.82
92,BOROVOY,RU,62.5,52.87,1.4,84,75,8.95
93,HILO,US,23.03,-147.16,75.2,69,20,12.75
95,MAHEBOURG,MU,-40.5,70.3,71.6,88,20,5.82
98,NANTUCKET,US,37.43,-67.63,26.6,68,1,12.33
99,HAY RIVER,CA,60.27,-114.49,19.4,92,90,5.82
100,USHUAIA,AR,-88.99,-52.85,46.4,61,75,11.41
102,RIKITEA,PF,-56.39,-130.28,76.59,100,100,8.86
104,PEMANGKAT,ID,1.36,108.87,78.26,95,88,3.38
105,SOUILLAC,MU,-23.19,58.3,71.6,88,20,5.82
106,RIKITEA,PF,-42.73,-135.18,76.59,100,100,8.86
108,PORT ALFRED,ZA,-79.79,43.84,73.85,75,92,7.74
109,MAYO,CA,63.33,-133.13,-13.01,75,40,2.24
111,BANDA ACEH,ID,3.19,92.5,79.11,92,12,5.17
113,BREDASDORP,ZA,-79.36,13.79,69.8,88,92,3.36
114,HERMANUS,ZA,-86.63,-2.8,56.12,96,0,2.37
116,KHATANGA,RU,85.19,93.99,-25.92,40,48,3.27
118,AHIPARA,NZ,-35.96,166.68,73.98,68,8,14
119,PUERTO AYORA,EC,6.27,-94.81,70.92,99,36,9.19
120,JAMESTOWN,SH,-13.3,-4.74,68.67,100,68,16.02
121,NEW NORFOLK,AU,-57.98,137.45,71.6,37,75,12.75
122,JAMESTOWN,SH,-12.86,-5.35,68.67,100,68,16.02
123,ATUONA,PF,2.18,-139.81,78.89,100,80,9.42
124,PONTA DELGADA,PT,28.97,-28.31,60.8,82,75,5.82
125,HASAKI,JP,25.88,162.13,44.6,56,75,8.05
126,VAINI,TO,-19.62,-178.94,80.6,54,75,11.32
128,UST-ISHIM,RU,57.58,70.49,14.22,86,80,7.63
129,CA MAU,VN,8.16,104.28,77.54,87,80,18.92
130,BAY-KHAAK,RU,50.99,94.44,-12.65,68,68,2.71
131,SEVERO-KURILSK,RU,46.86,156.38,25.34,100,44,15.23
132,EAST LONDON,ZA,-43.41,35.48,75.42,94,92,6.29
133,BLUFF,NZ,-60.6,160.48,61.47,92,12,16.8
134,RIKITEA,PF,-14.63,-116.27,76.59,100,100,8.86
135,TURA,RU,67.32,100.68,-6.84,72,8,2.26
136,RIKITEA,PF,-14.11,-124.47,76.59,100,100,8.86
137,ARRAIAL DO CABO,BR,-37.65,-32.66,73.04,98,92,6.51
138,RIKITEA,PF,-24.91,-139.67,76.59,100,100,8.86
140,MAHEBOURG,MU,-39.15,77.74,71.6,88,20,5.82
142,PRAIA DA VITORIA,PT,43.08,-25.63,62.6,88,75,17.58
143,QAANAAQ,GL,86.83,-78.16,-5.76,83,20,16.8
144,ISANGEL,VU,-17.05,177.74,77.09,100,92,20.6
146,BARROW,US,86.37,-153.14,30.2,92,90,8.05
147,PROVIDENIYA,RU,49.4,-178.82,33.8,100,90,31.32
148,INIRIDA,CO,4.44,-68.31,74.84,94,8,2.04
150,ATUONA,PF,-11.82,-138.14,78.89,100,80,9.42
151,SAO JOSE DA COROA GRANDE,BR,-11.74,-26.9,75.56,95,92,4.72
152,MOLA DI BARI,IT,41.65,17.13,46.4,74,0,14.99
153,USHUAIA,AR,-84.05,-35.2,46.4,61,75,11.41
154,ORTONA,IT,42.99,14.84,49.37,100,0,20.27
155,INNISFAIL,AU,-16.8,148.38,84.24,52,64,5.39
156,HOBART,AU,-89.31,143.43,71.6,37,75,12.75
158,ISANGEL,VU,-18.06,174.66,77.09,100,92,20.6
159,ISANGEL,VU,-17.59,176.78,77.09,100,92,20.6
161,LA SARRE,CA,50.22,-79.36,-17.19,25,0,2.71
162,BUSSELTON,AU,-47.8,83.96,75.11,79,44,15.12
163,USHUAIA,AR,-71.62,-33.29,46.4,61,75,11.41
164,SOUILLAC,MU,-43.13,68.18,71.6,88,20,5.82
165,BANDARBEYLA,SO,6.6,54.21,76.91,100,76,28.1
166,MUMFORD,GH,0.3,1.2,73.53,99,44,4.16
167,ZHIGALOVO,RU,54.93,104.44,16.07,68,68,5.39
168,FAANUI,PF,-4.93,-155.28,82.76,100,32,7.96
169,BUTARITARI,KI,10.98,165.91,82.49,100,92,16.8
170,LAC DU BONNET,CA,52.7,-94.64,-5.58,69,24,11.99
171,YELLOWKNIFE,CA,75.11,-111.12,-0.41,77,90,4.7
172,GEORGETOWN,SH,-3.97,-7.9,75.33,100,76,15.46
173,KRUISFONTEIN,ZA,-50.52,26.73,63.72,91,76,9.08
175,VAINI,TO,-77.91,-167.97,80.6,54,75,11.32
176,LAKES ENTRANCE,AU,-38.01,149.75,74.84,65,0,6.17
177,LONGHUA,CN,28.96,106.84,64.44,39,12,3.38
178,BUSSELTON,AU,-33.52,109.11,75.11,79,44,15.12
179,BAMBOUS VIRIEUX,MU,-37.04,83.67,71.6,88,20,5.82
181,DENEYSVILLE,ZA,-26.77,28.32,61.34,100,76,8.08
182,TUATAPERE,NZ,-47.04,161.56,64.49,77,12,11.65
183,ESPERANCE,AU,-39.11,125.61,81.86,58,24,8.75
184,CABO SAN LUCAS,MX,21.32,-111.66,69.8,68,75,5.82
185,PORT ALFRED,ZA,-76.41,39.17,73.85,75,92,7.74
186,ZAMBEZI,ZM,-12.76,22.09,68.67,86,80,3.94
188,MARGATE,ZA,-33.81,33.99,73.71,93,92,11.77
189,HOBART,AU,-55.7,146.67,71.6,37,75,12.75
191,HERMANUS,ZA,-83.89,-10.87,56.12,96,0,2.37
192,NORMAN WELLS,CA,80.21,-118.95,32,87,90,9.17
193,BARROW,US,68.61,-161.57,30.2,92,90,8.05
194,MAHEBOURG,MU,-24.2,61.94,71.6,88,20,5.82
195,INHAMBANE,MZ,-23.92,35.79,74.75,98,68,9.19
197,USHUAIA,AR,-82.9,-21.51,46.4,61,75,11.41
198,LENINGRADSKIY,RU,74.79,179.71,-0.09,97,68,9.86
199,HERMANUS,ZA,-81.76,1.51,56.12,96,0,2.37
200,CHIMOIO,MZ,-19.84,33.46,70.83,99,92,3.15
201,ALBANY,AU,-50.33,110.44,68.36,67,64,11.43
202,UPERNAVIK,GL,83.86,-49.22,12.96,100,0,15.12
204,USHUAIA,AR,-83.95,-54.15,46.4,61,75,11.41
205,BAMBOUS VIRIEUX,MU,-36.14,79.11,71.6,88,20,5.82
208,MIRANDA,BR,-19.38,-56.12,78.8,82,64,3.15
209,BLUFF,NZ,-53.37,169.9,61.47,92,12,16.8
211,CLYDE RIVER,CA,69.89,-65.14,-20.21,75,90,4.7
212,HITHADHOO,MV,-10.16,72.81,79.97,100,56,2.71
213,BRAE,GB,62.68,0.57,46.4,75,64,13.87
214,RIKITEA,PF,-46.99,-124.37,76.59,100,100,8.86
215,GEORGETOWN,SH,-16.75,-15.84,75.33,100,76,15.46
216,MOGADISHU,SO,0.23,48.56,79.61,97,0,25.86
217,VAINI,TO,-18.62,-179.69,80.6,54,75,11.32
219,ALBANY,AU,-34.19,119.11,68.36,67,64,11.43
220,GEORGETOWN,SH,-1.84,-20.03,75.33,100,76,15.46
221,RIKITEA,PF,-37.01,-109.02,76.59,100,100,8.86
222,PINGLIANG,CN,36.32,106.23,32.49,60,0,3.27
223,CHAPAIS,CA,54.45,-72.25,-18.41,75,1,2.82
224,PUNTA ARENAS,CL,-78.87,-113.51,42.8,70,75,18.34
225,VAINI,TO,-29.38,-171.76,80.6,54,75,11.32
226,BREDASDORP,ZA,-43.81,20.51,69.8,88,92,3.36
227,SOUILLAC,MU,-53.31,72.78,71.6,88,20,5.82
228,BUTARITARI,KI,18.12,176.42,82.49,100,92,16.8
229,THOMPSON,CA,59.06,-93.52,-2.21,84,90,2.24
230,JAMESTOWN,SH,-21.75,-18.99,68.67,100,68,16.02
232,HITHADHOO,MV,-1.89,72.68,79.97,100,56,2.71
233,UPERNAVIK,GL,71.53,-55.48,12.96,100,0,15.12
234,LAGOA,PT,45.64,-32.0,64.89,100,56,21.72
235,KAPAA,US,29.25,-176.03,73.4,88,75,17.22
236,YUMEN,CN,41.33,97.83,16.47,73,12,17.47
237,RIKITEA,PF,-77.59,-127.71,76.59,100,100,8.86
238,ENID,US,36.95,-98.24,37.4,80,75,24.16
239,PORT ALFRED,ZA,-82.74,44.02,73.85,75,92,7.74
240,NEW NORFOLK,AU,-50.73,138.51,71.6,37,75,12.75
241,CASTRO,CL,-54.65,-110.52,50.81,95,80,8.52
242,MANOKWARI,ID,3.03,132.66,83.84,99,44,10.65
244,CASTRO,CL,-45.76,-98.8,50.81,95,80,8.52
246,HILO,US,22.23,-144.45,75.2,69,20,12.75
247,SVETLAYA,RU,47.23,137.85,26.87,100,0,7.07
248,YELLOWKNIFE,CA,67.09,-107.93,-0.41,77,90,4.7
249,LAGOA,PT,46.24,-26.35,64.89,100,56,21.72
250,THUNDER BAY,CA,48.03,-88.4,12.2,78,90,3.36
251,BUTEMBO,CD,-0.06,27.36,55.17,91,0,1.7
252,NORMAN WELLS,CA,81.06,-118.03,32,87,90,9.17
253,MAR DEL PLATA,AR,-43.14,-55.52,64.4,93,75,3.36
254,HAMBANTOTA,LK,1.69,87.35,78.71,100,56,11.99
255,BUTARITARI,KI,18.76,165.61,82.49,100,92,16.8
257,USHUAIA,AR,-85.11,-29.82,46.4,61,75,11.41
259,RIKITEA,PF,-60.83,-134.76,76.59,100,100,8.86
261,ANCUD,CL,-40.77,-104.67,52.83,97,92,8.3
262,FAANUI,PF,-5.62,-157.22,82.76,100,32,7.96
265,HOBART,AU,-60.18,150.86,71.6,37,75,12.75
266,DIRE,ML,12.22,-10.87,61.92,44,8,7.18
267,ALBANY,AU,-64.97,108.17,68.36,67,64,11.43
268,CASTRO,CL,-42.86,-85.02,50.81,95,80,8.52
269,BAKALY,RU,55.12,54.11,17.15,84,88,6.96
270,RANONG,TH,10.02,96.77,73.4,78,75,13.33
271,LLANES,ES,43.26,-4.69,26.37,69,0,0.81
272,LAGOA,PT,49.37,-33.22,64.89,100,56,21.72
273,JAMESTOWN,SH,-15.68,-5.41,68.67,100,68,16.02
274,NANDU,CN,22.75,111.28,61.56,32,80,3.83
275,TAKORADI,GH,-0.43,-1.32,75.65,100,76,4.61
276,YELLOWKNIFE,CA,66.27,-112.65,-0.41,77,90,4.7
277,LA RONGE,CA,56.54,-104.54,6.8,77,90,11.41
278,BALKANABAT,TM,40.62,52.63,31.82,95,88,1.7
279,CAPE TOWN,ZA,-35.49,14.81,57.2,93,0,11.41
280,ARRAIAL DO CABO,BR,-34.73,-35.85,73.04,98,92,6.51
281,INHAMBANE,MZ,-25.79,37.13,74.75,98,68,9.19
283,RIKITEA,PF,-10.87,-116.16,76.59,100,100,8.86
286,URENGOY,RU,66.38,79.63,16.79,86,88,9.08
287,LUBANGO,AO,-14.79,13.8,59.81,92,44,1.25
288,MOUNT PLEASANT,US,31.93,-78.54,57.2,62,90,4.94
289,RIKITEA,PF,-22.4,-131.82,76.59,100,100,8.86
290,TORBAY,CA,48.98,-43.51,28.4,74,90,28.86
293,HOBART,AU,-53.58,152.31,71.6,37,75,12.75
294,VAINI,TO,-49.34,-173.04,80.6,54,75,11.32
296,ALBANY,AU,-71.73,120.63,68.36,67,64,11.43
297,BUSSELTON,AU,-64.07,91.24,75.11,79,44,15.12
298,SAURIMO,AO,-9.15,19.53,65.34,93,80,2.59
299,UST-OMCHUG,RU,60.96,149.23,-38.3,0,32,2.37
301,RIKITEA,PF,-40.7,-128.39,76.59,100,100,8.86
302,JAMESTOWN,SH,-29.67,-0.62,68.67,100,68,16.02
303,PUNTA ARENAS,CL,-61.48,-111.18,42.8,70,75,18.34
304,TUKTOYAKTUK,CA,84.49,-132.98,26.6,92,90,29.97
305,SITKA,US,55.75,-137.89,35.6,37,1,9.17
306,SAINT-PIERRE,PM,43.21,-57.26,34.92,100,48,30.56
307,ABU ZABAD,SD,12.22,29.36,59.49,53,0,6.17
308,HILO,US,17.1,-155.2,75.2,69,20,12.75
309,CAPE TOWN,ZA,-46.47,0.72,57.2,93,0,11.41
310,SEHITHWA,BW,-20.16,22.9,66.78,92,0,2.82
311,GRINDAVIK,IS,56.86,-25.28,44.6,100,90,24.16
312,POINT FORTIN,TT,9.95,-62.0,77,83,20,11.1
313,ARRAIAL DO CABO,BR,-32.28,-33.21,73.04,98,92,6.51
314,LEH,IN,33.3,79.04,-20.39,53,12,1.48
315,TUKTOYAKTUK,CA,79.55,-132.37,26.6,92,90,29.97
316,SAINT GEORGE,BM,35.58,-55.91,68,82,90,16.11
317,KAVIENG,PG,17.71,156.75,84.78,100,36,4.72
318,SASKYLAKH,RU,74.34,114.21,-18.77,27,56,3.38
319,BREDASDORP,ZA,-45.05,22.1,69.8,88,92,3.36
320,AVARUA,CK,-22.27,-161.18,82.4,83,75,17.22
321,YELLOWKNIFE,CA,84.43,-115.41,-0.41,77,90,4.7
322,WHITECOURT,CA,54.48,-115.94,17.6,72,90,11.41
323,BUTARITARI,KI,8.67,174.32,82.49,100,92,16.8
324,CHULYM,RU,55.4,81.46,-2.16,72,88,12.1
325,PORT PIRIE,AU,-32.78,139.11,78.8,57,0,9.17
326,USHUAIA,AR,-83.39,-16.97,46.4,61,75,11.41
328,HALF MOON BAY,US,30.93,-136.25,51.8,70,1,5.82
329,KODIAK,US,59.24,-156.19,41,75,90,33.33
330,PROVIDENIYA,RU,57.03,-172.86,33.8,100,90,31.32
331,BUALA,SB,-8.08,159.7,87.57,73,0,6.4
332,ASSOMADA,CV,14.89,-23.84,71.6,73,75,14.99
333,KHATANGA,RU,78.64,95.79,-25.92,40,48,3.27
334,PUERTO AYORA,EC,2.15,-92.02,70.92,99,36,9.19
335,NIQUELANDIA,BR,-14.92,-48.0,79.61,57,100,5.61
336,TUKTOYAKTUK,CA,85.97,-133.53,26.6,92,90,29.97
337,YELLOWKNIFE,CA,70.02,-113.69,-0.41,77,90,4.7
338,PUNTA ARENAS,CL,-55.95,-80.11,42.8,70,75,18.34
339,KAMENKA,RU,67.42,44.67,19.08,91,48,7.4
340,CASTRO,CL,-43.19,-82.83,50.81,95,80,8.52
341,HOBART,AU,-62.98,143.07,71.6,37,75,12.75
342,CARNARVON,AU,-24.46,101.26,82.17,73,0,11.32
343,CHOKURDAKH,RU,78.23,151.45,0.77,73,80,7.74
344,PORTLAND,AU,-47.83,135.58,65.57,91,80,10.98
346,CASTRO,CL,-43.2,-94.12,50.81,95,80,8.52
347,KRUISFONTEIN,ZA,-71.86,26.7,63.72,91,76,9.08
348,HAVELOCK,US,32.25,-74.85,46.4,75,75,9.17
349,ALBANY,AU,-87.57,91.48,68.36,67,64,11.43
350,BUSSELTON,AU,-40.69,98.17,75.11,79,44,15.12
351,ALBANY,AU,-68.46,100.39,68.36,67,64,11.43
352,MEULABOH,ID,-1.79,88.23,80.73,100,0,3.6
353,BIMA,ID,-8.3,118.14,82.94,86,44,2.93
354,ATUONA,PF,-3.52,-150.29,78.89,100,80,9.42
355,RIKITEA,PF,-24.9,-107.19,76.59,100,100,8.86
356,RIKITEA,PF,-78.07,-128.7,76.59,100,100,8.86
357,TRES ARROYOS,AR,-40.82,-60.09,65.16,93,36,6.4
358,CHENEY,US,47.29,-117.85,33.8,86,90,4.7
359,THATON,MM,17.1,97.5,76.14,82,0,6.96
362,MUZHI,RU,65.61,65.06,9.72,69,56,4.27
363,VAINI,TO,-71.94,-172.88,80.6,54,75,11.32
364,CAPE TOWN,ZA,-85.61,-13.71,57.2,93,0,11.41
366,MAHEBOURG,MU,-39.06,78.16,71.6,88,20,5.82
367,ALBANY,AU,-63.97,101.24,68.36,67,64,11.43
368,HILO,US,22.34,-144.13,75.2,69,20,12.75
369,KIAMA,AU,-39.02,157.98,77,65,75,14.99
370,YELLOWKNIFE,CA,75.01,-107.42,-0.41,77,90,4.7
371,NANTONG,CN,31.85,120.85,51.21,71,0,8.97
372,PROVIDENIYA,RU,61.3,-170.43,33.8,100,90,31.32
373,KYREN,RU,51.9,101.6,-10.22,44,24,2.04
374,KAPAA,US,16.39,-172.19,73.4,88,75,17.22
375,PUERTO AYORA,EC,-6.97,-103.58,70.92,99,36,9.19
376,SAN ROQUE,PH,5.64,123.86,84.2,62,75,10.29
378,GEORGETOWN,SH,0.02,-23.26,75.33,100,76,15.46
379,NARSAQ,GL,77.57,-62.6,33.8,43,76,16.11
380,CASTRO,CL,-45.78,-81.56,50.81,95,80,8.52
381,PUNTA ARENAS,CL,-56.13,-84.65,42.8,70,75,18.34
382,PONTA DO SOL,CV,16.01,-40.8,73.76,100,68,21.72
384,PUNTA ARENAS,CL,-58.34,-81.54,42.8,70,75,18.34
385,CHOKURDAKH,RU,82.62,144.24,0.77,73,80,7.74
387,LABUHAN,ID,-17.59,95.96,77.31,100,100,13.56
388,BARROW,US,69.62,-160.13,30.2,92,90,8.05
389,FITCHBURG,US,42.96,-89.49,26.6,53,1,2.37
390,WAGAR,SD,17.09,36.11,57.51,47,0,6.17
391,KUVSHINOVO,RU,57.06,34.23,21.2,86,80,12.21
392,SAO JOAO DA BARRA,BR,-24.05,-38.77,77.76,99,92,24.52
395,CARAUBAS,BR,-5.46,-37.38,79.83,62,64,6.06
396,MINGSHUI,CN,36.83,117.38,51.93,33,0,4.5
397,MANTA,EC,-0.74,-84.89,75.2,83,75,4.7
399,KAPAA,US,36.78,-177.69,73.4,88,75,17.22
401,MOUNT ISA,AU,-21.16,140.81,87.8,43,64,8.05
402,ILULISSAT,GL,81.51,-44.08,8.6,46,0,3.36
403,LENINGRADSKIY,RU,73.11,176.98,-0.09,97,68,9.86
404,TIZNIT,MA,28.3,-10.35,27.63,80,0,2.37
405,HASAKI,JP,29.77,155.55,44.6,56,75,8.05
406,ATUONA,PF,-7.15,-132.91,78.89,100,80,9.42
407,CHAPAIS,CA,54.71,-73.36,-18.41,75,1,2.82
410,JAMESTOWN,SH,-41.99,-15.26,68.67,100,68,16.02
412,PADANG,ID,-9.15,87.9,79.83,100,24,4.27
413,JAMESTOWN,SH,-21.27,-13.5,68.67,100,68,16.02
414,SAINT-LOUIS,SN,17.05,-17.62,68,28,76,11.41
415,BUCKEYE,US,32.76,-113.23,51.8,18,1,8.05
416,PUNTA ARENAS,CL,-67.24,-107.98,42.8,70,75,18.34
418,ALBANY,AU,-88.84,102.99,68.36,67,64,11.43
419,THOMPSON,CA,71.58,-95.37,-2.21,84,90,2.24
420,CAPE TOWN,ZA,-71.82,-4.14,57.2,93,0,11.41
421,FORTUNA,US,38.09,-144.38,42.8,80,1,3.36
422,RIKITEA,PF,-23.73,-116.09,76.59,100,100,8.86
423,HERMANUS,ZA,-68.06,8.24,56.12,96,0,2.37
424,NISHIHARA,JP,20.96,131.4,66.2,52,75,9.17
426,TIKSI,RU,77.81,132.57,-25.97,39,64,4.05
427,SOUILLAC,MU,-63.04,77.06,71.6,88,20,5.82
428,POSSE,BR,-14.78,-45.6,69.71,75,44,4.94
429,GUERRERO NEGRO,MX,23.14,-118.1,55.94,60,0,17.47
430,MAHEBOURG,MU,-54.05,78.01,71.6,88,20,5.82
433,VAINI,TO,-42.19,-170.67,80.6,54,75,11.32
434,BREDASDORP,ZA,-77.82,20.22,69.8,88,92,3.36
435,TUATAPERE,NZ,-47.6,163.33,64.49,77,12,11.65
436,PAUINI,BR,-7.97,-67.34,76.37,88,32,7.18
437,YELLOWKNIFE,CA,87.35,-98.34,-0.41,77,90,4.7
438,BREDASDORP,ZA,-56.91,17.24,69.8,88,92,3.36
439,KHORRAMSHAHR,IR,30.53,46.13,55.4,58,0,2.93
440,SVETLOGORSK,RU,65.76,90.48,41,93,75,6.71
441,BERINGOVSKIY,RU,53.7,178.07,7.74,100,88,28.88
442,PRAYA,ID,-14.56,116.12,84.2,70,40,2.24
443,SPRINGHILL,CA,45.36,-63.79,14.27,68,8,7.96
445,HAMILTON,BM,29.2,-63.64,68,82,90,16.11
446,RIKITEA,PF,-85.45,-125.73,76.59,100,100,8.86
447,NEW NORFOLK,AU,-87.57,123.78,71.6,37,75,12.75
448,PUNTA ARENAS,CL,-63.72,-106.07,42.8,70,75,18.34
449,ALTA FLORESTA,BR,-7.72,-54.64,70.79,98,88,2.93
450,HERMANUS,ZA,-85.71,-6.59,56.12,96,0,2.37
451,COCKBURN TOWN,TC,22.57,-70.98,78.8,100,0,11.77
452,LUDERITZ,NA,-34.24,-0.89,62.6,77,36,5.82
453,BREDASDORP,ZA,-89.3,28.2,69.8,88,92,3.36
455,RIKITEA,PF,-66.69,-121.05,76.59,100,100,8.86
456,CAPE TOWN,ZA,-58.15,-5.4,57.2,93,0,11.41
457,MAHEBOURG,MU,-51.13,80.61,71.6,88,20,5.82
458,USHUAIA,AR,-74.65,-72.11,46.4,61,75,11.41
459,HUARMEY,PE,-18.16,-93.84,62.6,94,12,3.38
460,PUNTA ARENAS,CL,-60.47,-102.77,42.8,70,75,18.34
461,CHOKURDAKH,RU,90.61,147.66,0.77,73,80,7.74
462,UPATA,VE,5.26,-62.12,71.87,93,76,3.83
463,KOMSOMOLSKIY,RU,67.99,171.96,37.22,99,76,5.17
464,EENHANA,NA,-16.66,17.95,63.18,94,64,0.58
465,DILLON,US,45.33,-112.26,48.2,70,75,3.6
467,KOMSOMOLSKIY,RU,74.61,172.95,37.22,99,76,5.17
468,RIKITEA,PF,-23.0,-107.29,76.59,100,100,8.86
469,FAANUI,PF,-1.46,-158.92,82.76,100,32,7.96
470,SANTA ROSA,US,38.54,-122.67,48.2,49,20,4.16
472,DIKSON,RU,76.8,74.76,-1.71,100,48,24.18
473,SUR,OM,21.48,59.95,71.06,95,0,13.78
474,BUTARITARI,KI,28.85,173.63,82.49,100,92,16.8
475,GREENWOOD,US,33.27,-90.13,50,66,90,5.82
476,MARSA MATRUH,EG,28.5,26.83,66.24,68,68,14.79
477,NARSAQ,GL,74.23,-64.57,33.8,43,76,16.11
479,JIHLAVA,CZ,49.48,15.58,39.2,93,75,12.75
480,HOQUIAM,US,47.55,-124.81,39.2,93,90,4.7
482,EPINAL,FR,48.28,6.08,44.6,100,90,3.36
483,PUNTA ARENAS,CL,-81.44,-112.98,42.8,70,75,18.34
484,ITAMARANDIBA,BR,-17.81,-42.81,70.74,82,8,7.63
485,RIKITEA,PF,-83.81,-126.92,76.59,100,100,8.86
486,NICOLAS BRAVO,MX,18.41,-88.78,78.8,83,20,6.93
487,CAP MALHEUREUX,MU,-15.46,57.85,71.6,88,20,5.82
488,EAST LONDON,ZA,-73.07,53.59,75.42,94,92,6.29
489,NEW NORFOLK,AU,-79.39,129.87,71.6,37,75,12.75
491,PUNTA ARENAS,CL,-80.54,-120.37,42.8,70,75,18.34
492,PUERTO AYACUCHO,VE,4.82,-66.82,82.4,74,0,4.7
493,USHUAIA,AR,-78.68,-39.29,46.4,61,75,11.41
494,BUSSELTON,AU,-74.82,81.2,75.11,79,44,15.12
495,HIGH LEVEL,CA,60.98,-119.42,21.2,79,20,6.93
496,LEBU,CL,-37.13,-88.94,55.22,95,0,7.85
497,BUSSELTON,AU,-64.29,82.53,75.11,79,44,15.12
498,NEW NORFOLK,AU,-53.87,140.35,71.6,37,75,12.75
500,HOBART,AU,-65.68,138.67,71.6,37,75,12.75
501,RIKITEA,PF,-49.72,-112.31,76.59,100,100,8.86
502,TEZU,IN,28.67,99.11,58.41,65,0,1.14
503,SAO FILIPE,CV,10.97,-34.08,74.66,95,92,18.25
504,CAPE TOWN,ZA,-41.29,6.56,57.2,93,0,11.41
505,VAINI,TO,-52.11,-179.03,80.6,54,75,11.32
506,ASTANA,KZ,50.72,71.62,-7.61,76,0,6.71
507,PUERTO AYORA,EC,-21.88,-99.17,70.92,99,36,9.19
508,TUKTOYAKTUK,CA,79.02,-135.08,26.6,92,90,29.97
509,CAYENNE,GF,17.16,-42.2,77,94,20,4.7
510,MORRO BAY,US,33.98,-122.66,53.6,25,1,5.82
511,HAVRE-SAINT-PIERRE,CA,50.41,-64.68,14,66,75,16.11
512,BUBAQUE,GW,10.0,-15.82,75.56,100,8,21.72
513,HILO,US,7.3,-153.86,75.2,69,20,12.75
514,AKLAVIK,CA,77.06,-142.57,21.2,85,75,5.82
515,CHARA,RU,57.6,117.14,-5.09,47,44,2.04
516,VEGREVILLE,CA,53.38,-112.09,13.68,81,64,14.34
517,JAMESTOWN,SH,-30.08,-18.62,68.67,100,68,16.02
519,CIDREIRA,BR,-49.66,-28.89,70.83,93,20,12.77
522,MAJENE,ID,-4.43,117.24,80.64,100,48,2.37
523,SIBOLGA,ID,-2.5,94.54,76.23,92,12,1.7
525,ROMITA,MX,20.8,-101.49,59,44,75,3.6
526,ALBANY,AU,-68.97,120.0,68.36,67,64,11.43
527,RIKITEA,PF,-41.63,-123.08,76.59,100,100,8.86
528,KAPAA,US,30.52,-177.49,73.4,88,75,17.22
529,USHUAIA,AR,-87.5,-39.03,46.4,61,75,11.41
530,BLUFF,NZ,-78.29,152.15,61.47,92,12,16.8
531,BRATSK,RU,55.44,101.97,5,84,40,2.24
532,PORT HARDY,CA,44.86,-132.45,35.6,100,90,3.36
533,HERMANUS,ZA,-48.51,13.28,56.12,96,0,2.37
534,SOUILLAC,MU,-55.56,75.75,71.6,88,20,5.82
535,PUNTA ARENAS,CL,-69.86,-96.78,42.8,70,75,18.34
536,SENA MADUREIRA,BR,-8.28,-68.24,76.01,91,8,3.71
537,BURNS LAKE,CA,53.47,-125.16,12.65,77,8,3.71
539,USHUAIA,AR,-85.33,-41.73,46.4,61,75,11.41
540,MATTAWA,CA,46.33,-78.57,3.2,77,40,10.29
541,CASTRO,CL,-42.97,-106.97,50.81,95,80,8.52
542,USHUAIA,AR,-82.14,-66.49,46.4,61,75,11.41
543,BUTARITARI,KI,7.25,166.25,82.49,100,92,16.8
544,CHUY,UY,-59.56,-27.21,68.94,95,24,12.44
545,BLUFF,NZ,-65.66,159.44,61.47,92,12,16.8
546,THOMPSON,CA,69.56,-95.04,-2.21,84,90,2.24
547,ABHA,SA,18.91,42.95,41,41,0,3.36
548,PORT MACQUARIE,AU,-32.82,155.14,75.2,69,75,8.05
549,SAINT-PHILIPPE,RE,-28.87,57.48,78.8,61,0,6.93
550,ESPERANCE,AU,-34.66,124.22,81.86,58,24,8.75
551,RIKITEA,PF,-43.26,-116.95,76.59,100,100,8.86
552,ATUONA,PF,5.91,-128.04,78.89,100,80,9.42
553,AXIM,GH,-2.46,-2.58,75.78,100,48,8.97
554,MAREEBA,AU,-14.7,143.3,89.6,49,20,11.41
555,OTTUMWA,US,41.12,-92.41,32,89,90,10.29
556,TORBAY,CA,38.71,-43.63,28.4,74,90,28.86
557,RIKITEA,PF,-60.43,-126.85,76.59,100,100,8.86
558,CHAPAIS,CA,51.28,-73.88,-18.41,75,1,2.82
560,LAUNCESTON,AU,-41.47,148.15,66.2,52,90,17.22
561,KAPAA,US,18.24,-171.12,73.4,88,75,17.22
562,AMBERG,DE,49.2,11.67,42.8,100,90,3.36
563,CAPE TOWN,ZA,-45.12,1.51,57.2,93,0,11.41
564,COLLEGE,US,72.34,-148.09,-2.21,84,1,4.72
565,SEVERO-KURILSK,RU,38.24,165.34,25.34,100,44,15.23
567,NUEVO PROGRESO,MX,22.99,-97.67,73.44,94,0,13.44
568,RIBEIRA GRANDE,PT,41.75,-31.96,65.66,97,12,22.28
569,JAMESTOWN,SH,-11.52,-3.36,68.67,100,68,16.02
570,RIKITEA,PF,-60.49,-139.26,76.59,100,100,8.86
571,SAINT GEORGE,BM,28.92,-56.6,68,82,90,16.11
572,BALAIPUNGUT,ID,0.14,102.18,80.6,78,0,7.18
573,TURA,RU,64.48,100.99,-6.84,72,8,2.26
574,PUNTA ARENAS,CL,-78.72,-114.13,42.8,70,75,18.34
575,PUNTA ARENAS,CL,-81.05,-89.95,42.8,70,75,18.34
576,HILO,US,21.3,-154.41,75.2,69,20,12.75
577,CHUY,UY,-35.81,-52.25,68.94,95,24,12.44
578,PUERTO AYORA,EC,-14.41,-110.74,70.92,99,36,9.19
579,TUATAPERE,NZ,-56.39,158.15,64.49,77,12,11.65
580,USHUAIA,AR,-64.06,-48.21,46.4,61,75,11.41
581,TOMMOT,RU,59.62,126.89,2.79,62,48,5.39
582,TIAS,ES,29.56,-14.79,64.4,68,40,14.99
583,THOMPSON,CA,74.88,-93.07,-2.21,84,90,2.24
584,COMODORO RIVADAVIA,AR,-48.81,-62.72,62.6,45,40,14.99
586,HERMANUS,ZA,-81.09,3.32,56.12,96,0,2.37
587,USHUAIA,AR,-64.89,-55.96,46.4,61,75,11.41
588,BUSSELTON,AU,-58.57,101.01,75.11,79,44,15.12
590,SIMBAHAN,PH,7.28,119.92,82.94,100,100,18.14
591,SEVERO-KURILSK,RU,32.83,165.49,25.34,100,44,15.23
592,CONDE,BR,-12.66,-35.65,77,83,20,5.82
593,MYSKI,RU,53.74,87.63,2.61,66,92,5.61
594,HAMBANTOTA,LK,-4.02,84.08,78.71,100,56,11.99
596,HERMANUS,ZA,-89.53,10.2,56.12,96,0,2.37
597,HOBART,AU,-80.32,138.35,71.6,37,75,12.75
598,VAINI,TO,-49.55,-167.72,80.6,54,75,11.32
599,CORNWALL,CA,44.8,-74.49,8.6,92,1,2.48
600,PUERTO AYORA,EC,-2.22,-103.16,70.92,99,36,9.19
601,PUNTA ARENAS,CL,-60.21,-91.55,42.8,70,75,18.34
602,JAMESTOWN,SH,-34.28,-19.26,68.67,100,68,16.02
603,BLUFF,NZ,-87.59,151.01,61.47,92,12,16.8
604,ALBANY,AU,-76.72,112.46,68.36,67,64,11.43
605,KAVIENG,PG,5.1,150.28,84.78,100,36,4.72
606,SANTA MARIA DO SUACUI,BR,-18.24,-42.69,70.74,82,8,7.63
607,CAPE TOWN,ZA,-41.97,7.12,57.2,93,0,11.41
608,BATHSHEBA,BB,22.23,-43.59,78.8,83,20,19.46
609,RIKITEA,PF,-22.18,-134.32,76.59,100,100,8.86
610,POUM,NC,-20.11,160.8,78.62,100,44,13
611,BUSSELTON,AU,-80.56,84.0,75.11,79,44,15.12
612,POUM,NC,-18.7,159.2,78.62,100,44,13
614,YELLOWKNIFE,CA,69.81,-114.83,-0.41,77,90,4.7
615,ALBANY,AU,-50.7,113.17,68.36,67,64,11.43
616,LEBU,CL,-34.39,-81.16,55.22,95,0,7.85
617,INTA,RU,65.25,59.86,26.82,88,92,5.73
618,BUSSELTON,AU,-33.08,113.55,75.11,79,44,15.12
619,WINSLOW,US,34.7,-110.53,26.6,45,1,8.05
621,TUKTOYAKTUK,CA,79.91,-135.35,26.6,92,90,29.97
622,BUSSELTON,AU,-66.78,77.87,75.11,79,44,15.12
623,VICTORIA,SC,-3.23,58.99,80.6,83,75,12.75
624,BUTARITARI,KI,25.36,174.78,82.49,100,92,16.8
625,SAINT GEORGE,BM,30.61,-62.42,68,82,90,16.11
626,CAPE TOWN,ZA,-43.18,9.17,57.2,93,0,11.41
627,DINGLE,IE,49.97,-12.4,51.57,93,88,13.22
628,RIOHACHA,CO,11.54,-72.91,79.83,91,68,19.37
629,STEPNYAK,KZ,53.74,70.78,5.99,72,20,13.22
630,NEW NORFOLK,AU,-48.02,145.01,71.6,37,75,12.75
631,VICTORIA,SC,-6.35,49.75,80.6,83,75,12.75
632,NATA,BW,-19.88,26.21,70.34,91,48,8.41
633,COIHAIQUE,CL,-46.37,-70.17,46.4,65,40,8.05
635,BUTARITARI,KI,11.16,173.88,82.49,100,92,16.8
636,SAINT GEORGE,BM,32.17,-62.82,68,82,90,16.11
637,PEVEK,RU,86.66,174.94,-18.72,100,20,2.93
638,MAR DEL PLATA,AR,-65.67,-26.44,64.4,93,75,3.36
640,TUTOIA,BR,1.74,-41.85,80.15,78,92,11.99
641,LAZO,RU,45.63,133.89,32.36,58,0,2.59
642,TUATAPERE,NZ,-47.11,162.79,64.49,77,12,11.65
643,JAMESTOWN,SH,-13.96,-5.59,68.67,100,68,16.02
644,KAVARATTI,IN,8.66,63.52,82.22,100,0,7.63
645,HILO,US,8.86,-143.08,75.2,69,20,12.75
646,MAGDAGACHI,RU,53.28,125.61,-11.88,74,24,3.94
647,HOBART,AU,-89.96,135.13,71.6,37,75,12.75
648,AVARUA,CK,-32.7,-167.06,82.4,83,75,17.22
649,EAST LONDON,ZA,-45.12,35.11,75.42,94,92,6.29
